{
  "barrel_rate": 1.0689022543867148,
  "hr_fb_ratio": 3.556946940354332,
  "iso": -1.090814065869524,
  "hard_hit_pct": -0.6493479983676478,
  "platoon_factor": 1.4948912715217595,
  "pitcher_hr_fb": 2.390882664105597,
  "pitcher_fly_ball_rate": 1.8916723793691297,
  "pitcher_xfip": 1.076280635308037,
  "pitcher_hard_hit_allowed": 0.39395651484744454,
  "park_hr_factor": 0.6042230239054744,
  "wind_bonus": 1.9062726815493425,
  "temp_bonus": 0.49353298741341556,
  "batting_order_position": 0.7211122831782814,
  "barrel_rate_14d": -0.7638592984105539,
  "hard_hit_pct_14d": 0.868137411122262,
  "form_trend": 0.5419267544023643,
  "pitcher_recent_hr_per_ip": 1.1770412686703573,
  "pitcher_recent_hard_hit": 1.55112545443661,
  "pitcher_high_workload": 1.242223912784385,
  "pitch_type_edge": 0.9724469288382267
}